guest_id,treatment,channel,nights,posted_review,property
1,0,Direct,3,1,A
2,1,OTA,3,0,B
3,1,Direct,2,0,A
4,0,OTA,4,1,A
5,0,Direct,1,0,A
6,0,OTA,4,1,B
7,1,OTA,3,1,B
8,0,Direct,5,0,B
9,1,OTA,3,0,B
10,1,Direct,3,0,A
11,0,OTA,2,0,A
12,1,Direct,1,1,A
13,0,OTA,3,1,A
14,1,OTA,3,1,A
15,0,Direct,3,0,B
16,0,Direct,1,1,B
17,1,Direct,3,0,A
18,1,Direct,3,0,A
19,0,OTA,4,1,B
20,0,OTA,2,0,B
21,1,OTA,2,0,B
22,1,Direct,2,0,B
23,0,Direct,2,0,A
24,0,Direct,4,0,A
25,1,Direct,2,0,B
26,1,OTA,1,0,A
27,0,OTA,3,0,B
28,1,Direct,4,1,A
29,0,Direct,2,1,A
30,0,OTA,2,1,B
31,0,OTA,4,0,A
32,1,OTA,4,1,B
33,1,Direct,1,0,A
34,1,OTA,1,0,A
35,0,OTA,4,0,B
36,0,Direct,2,1,B
37,0,Direct,2,0,B
38,1,Direct,2,0,A
39,1,OTA,4,0,B
40,0,Direct,3,0,A
41,1,OTA,2,0,B
42,0,OTA,2,0,B
43,1,Direct,4,0,A
44,1,OTA,3,0,A
45,0,OTA,3,0,A
46,1,Direct,1,0,A
47,0,OTA,1,0,A
48,0,OTA,3,0,A
49,0,OTA,3,0,B
50,1,Direct,3,0,B
51,1,OTA,4,1,B
52,1,Direct,2,1,B
53,0,Direct,4,0,B
54,0,OTA,1,0,A
55,0,OTA,1,0,B
56,1,OTA,3,0,A
57,1,Direct,3,1,A
58,0,Direct,3,0,A
59,1,OTA,4,0,B
60,0,OTA,3,0,B
61,0,OTA,3,0,A
62,1,OTA,2,0,B
63,0,Direct,2,1,A
64,1,OTA,4,0,A
65,1,Direct,2,1,B
66,1,Direct,3,1,B
67,1,OTA,2,0,B
68,0,OTA,3,0,B
69,0,OTA,3,0,B
70,1,Direct,3,1,A
71,1,OTA,4,1,A
72,0,Direct,3,0,B
73,1,OTA,3,0,A
74,1,Direct,1,0,B
75,1,OTA,3,1,B
76,0,Direct,3,0,B
77,0,Direct,2,0,A
78,1,OTA,4,0,B
79,0,Direct,3,0,A
80,0,Direct,2,0,A
81,1,OTA,3,0,A
82,0,OTA,4,1,A
83,0,OTA,1,1,B
84,0,Direct,3,0,B
85,0,OTA,3,0,A
86,0,OTA,1,0,A
87,0,Direct,3,0,B
88,0,Direct,2,0,B
89,0,OTA,4,0,A
90,0,Direct,4,0,A
91,0,OTA,3,0,B
92,0,Direct,4,0,B
93,1,Direct,2,0,A
94,1,Direct,4,1,B
95,0,Direct,1,0,A
96,0,Direct,3,0,B
97,0,Direct,3,0,A
98,1,OTA,4,1,A
99,0,Direct,2,0,A
100,1,OTA,3,0,B
101,0,Direct,3,0,B
102,0,Direct,1,0,B
103,1,OTA,4,0,A
104,0,Direct,3,0,A
105,0,OTA,4,0,B
106,1,Direct,3,0,B
107,1,OTA,3,0,A
108,0,OTA,4,1,B
109,0,OTA,3,0,A
110,0,OTA,2,0,A
111,1,Direct,2,0,B
112,1,Direct,6,0,A
113,1,Direct,2,0,A
114,0,OTA,3,0,A
115,1,Direct,4,1,A
116,0,Direct,4,0,B
117,0,Direct,3,1,B
118,0,Direct,2,0,B
119,1,Direct,3,0,A
120,0,Direct,1,0,A
121,0,OTA,3,0,B
122,1,Direct,1,0,A
123,1,Direct,4,0,B
124,0,OTA,2,0,A
125,1,OTA,2,0,B
126,0,Direct,1,1,A
127,0,OTA,2,0,B
128,0,Direct,3,0,B
129,0,Direct,1,0,A
130,1,Direct,2,1,A
131,0,OTA,3,0,A
132,0,OTA,2,0,A
133,0,Direct,3,0,A
134,0,OTA,3,0,A
135,0,OTA,3,0,B
136,1,OTA,2,1,A
137,0,Direct,2,0,B
138,1,OTA,2,0,B
139,0,OTA,2,1,B
140,1,Direct,3,1,B
141,1,Direct,2,0,B
142,0,OTA,3,0,B
143,0,Direct,1,0,A
144,0,OTA,1,1,A
145,1,Direct,2,1,B
146,0,Direct,2,0,A
147,0,OTA,3,0,A
148,0,OTA,1,0,A
149,1,Direct,2,1,B
150,0,OTA,2,0,B
151,1,OTA,4,0,B
152,1,OTA,3,0,B
153,0,Direct,3,0,A
154,0,OTA,3,1,A
155,1,OTA,3,0,A
156,0,OTA,5,0,B
157,0,OTA,4,1,A
158,1,Direct,5,1,B
159,1,OTA,3,1,A
160,0,OTA,2,0,B
161,1,Direct,4,0,A
162,0,Direct,1,0,B
163,0,Direct,2,0,A
164,1,OTA,3,0,A
165,1,Direct,1,1,B
166,1,Direct,4,0,A
167,0,Direct,2,0,A
168,1,Direct,4,1,B
169,0,Direct,1,0,B
170,1,OTA,4,0,A
171,0,Direct,3,0,A
172,0,Direct,2,1,A
173,0,Direct,4,0,A
174,0,Direct,1,0,B
175,1,OTA,1,0,A
176,1,Direct,3,0,B
177,0,Direct,3,0,B
178,1,OTA,3,0,B
179,1,Direct,2,1,B
180,1,OTA,1,1,B
181,1,Direct,2,0,A
182,1,OTA,1,0,A
183,1,Direct,2,0,A
184,0,OTA,3,0,B
185,1,OTA,2,0,A
186,0,OTA,3,0,A
187,1,OTA,4,0,A
188,1,Direct,2,0,A
189,1,Direct,4,0,A
190,0,Direct,1,0,B
191,0,Direct,2,0,A
192,1,Direct,1,1,B
193,0,Direct,2,0,B
194,0,OTA,1,1,A
195,1,OTA,3,0,A
196,0,OTA,2,0,A
197,1,Direct,3,0,B
198,1,Direct,3,1,A
199,1,Direct,3,0,A
200,0,OTA,1,0,B
201,1,OTA,4,0,B
202,1,OTA,3,1,A
203,0,OTA,3,0,A
204,0,OTA,4,0,B
205,1,OTA,2,0,A
206,1,Direct,3,0,A
207,1,Direct,2,0,A
208,0,OTA,3,0,A
209,0,OTA,2,0,A
210,1,Direct,3,0,B
211,0,Direct,2,0,A
212,0,OTA,3,0,B
213,0,OTA,2,0,B
214,0,OTA,3,0,A
215,1,Direct,3,1,B
216,1,OTA,3,1,B
217,0,Direct,3,0,B
218,1,OTA,4,0,A
219,0,Direct,2,0,B
220,1,Direct,2,0,A
221,0,OTA,2,0,A
222,1,OTA,2,0,B
223,0,OTA,3,1,A
224,0,OTA,3,0,A
225,1,OTA,4,0,A
226,1,OTA,3,0,A
227,1,OTA,1,0,B
228,1,OTA,3,1,B
229,1,Direct,4,0,A
230,1,OTA,3,0,B
231,0,Direct,3,0,B
232,0,OTA,1,0,B
233,1,Direct,2,1,B
234,0,Direct,4,0,A
235,1,OTA,2,0,B
236,1,OTA,2,1,B
237,0,OTA,2,0,B
238,0,Direct,5,0,B
239,1,OTA,2,1,A
240,1,OTA,2,1,B
241,1,Direct,3,0,B
242,1,Direct,3,0,A
243,1,Direct,3,0,A
244,1,OTA,1,0,A
245,0,Direct,2,1,A
246,1,OTA,4,0,B
247,0,OTA,3,1,A
248,0,Direct,1,0,A
249,0,Direct,1,0,A
250,1,Direct,3,0,A
251,0,Direct,3,0,A
252,0,OTA,3,0,A
253,1,OTA,2,0,B
254,1,OTA,2,0,A
255,0,Direct,2,0,B
256,1,OTA,2,0,A
257,0,OTA,4,0,B
258,1,OTA,3,0,B
259,1,Direct,3,0,A
260,1,Direct,1,0,B
261,0,OTA,3,0,B
262,1,Direct,2,1,B
263,1,OTA,2,0,A
264,1,OTA,2,1,A
265,1,Direct,3,0,A
266,1,Direct,2,0,B
267,0,Direct,2,0,A
268,1,OTA,4,1,A
269,1,OTA,2,1,B
270,0,Direct,2,0,B
271,0,Direct,2,0,A
272,1,Direct,3,0,B
273,1,OTA,2,1,A
274,0,Direct,3,0,A
275,0,OTA,2,0,B
276,0,OTA,2,0,B
277,1,Direct,3,0,A
278,0,OTA,4,0,A
279,0,Direct,2,0,A
280,0,Direct,3,0,B
281,1,OTA,1,0,B
282,1,Direct,2,1,A
283,0,OTA,3,0,B
284,1,OTA,3,0,A
285,0,OTA,2,0,A
286,1,OTA,3,1,B
287,0,Direct,4,0,B
288,0,OTA,3,0,A
289,1,Direct,3,1,A
290,0,Direct,2,1,A
291,0,OTA,4,0,A
292,0,Direct,3,0,B
293,0,OTA,2,0,B
294,0,OTA,3,0,B
295,0,OTA,4,0,B
296,0,OTA,2,1,B
297,1,OTA,3,1,B
298,0,Direct,4,0,A
299,1,Direct,2,0,B
300,0,OTA,4,0,A
301,0,OTA,4,1,B
302,1,OTA,2,0,A
303,0,OTA,2,1,B
304,1,Direct,2,0,B
305,1,Direct,2,0,A
306,1,OTA,3,1,A
307,0,OTA,3,0,A
308,1,OTA,3,0,B
309,1,Direct,4,1,B
310,0,Direct,3,0,B
311,1,Direct,4,0,B
312,0,OTA,2,0,B
313,0,OTA,3,0,A
314,1,Direct,5,0,B
315,1,OTA,2,0,A
316,0,Direct,3,0,B
317,1,Direct,3,0,B
318,1,OTA,1,1,A
319,0,Direct,3,0,A
320,0,OTA,4,0,A
321,1,Direct,2,0,A
322,1,Direct,2,0,A
323,1,Direct,3,0,B
324,0,OTA,2,0,A
325,0,Direct,1,1,B
326,1,OTA,2,0,A
327,0,OTA,2,0,A
328,1,Direct,1,0,A
329,0,Direct,2,1,A
330,1,OTA,2,0,A
331,0,OTA,1,0,A
332,0,OTA,3,0,A
333,1,Direct,3,0,A
334,0,OTA,4,0,B
335,1,OTA,3,1,A
336,0,Direct,4,0,A
337,1,OTA,3,0,B
338,1,OTA,2,1,B
339,1,Direct,2,1,A
340,0,Direct,2,0,A
341,0,OTA,2,0,B
342,1,Direct,3,1,A
343,1,Direct,3,0,A
344,1,Direct,3,0,B
345,1,Direct,3,0,A
346,1,OTA,3,1,A
347,1,Direct,2,0,B
348,1,OTA,2,1,A
349,0,OTA,2,0,B
350,1,Direct,2,0,B
351,1,OTA,3,0,B
352,0,OTA,1,0,B
353,1,OTA,4,0,B
354,0,OTA,2,0,A
355,0,OTA,2,0,A
356,1,Direct,2,0,B
357,1,OTA,2,0,B
358,0,Direct,4,0,B
359,1,Direct,3,1,A
360,0,Direct,1,0,B
361,0,OTA,2,1,A
362,1,OTA,2,0,A
363,1,Direct,3,0,A
364,0,OTA,3,1,A
365,1,OTA,5,0,B
366,0,Direct,2,0,B
367,1,OTA,3,1,A
368,1,OTA,3,1,B
369,1,OTA,4,0,B
370,0,OTA,3,0,A
371,1,OTA,2,0,B
372,1,Direct,1,1,A
373,1,Direct,3,0,B
374,0,Direct,1,0,A
375,1,Direct,2,0,B
376,0,OTA,3,0,B
377,0,Direct,2,0,A
378,1,Direct,2,1,A
379,1,Direct,2,0,B
380,0,Direct,5,0,B
381,0,OTA,3,1,A
382,1,Direct,1,0,B
383,0,OTA,2,1,B
384,0,OTA,2,0,A
385,0,Direct,4,0,A
386,0,OTA,1,0,B
387,1,Direct,1,0,B
388,0,OTA,4,0,A
389,1,Direct,3,0,A
390,1,Direct,3,0,B
391,0,OTA,4,0,B
392,1,Direct,4,1,A
393,0,OTA,4,0,B
394,0,Direct,2,0,A
395,1,OTA,2,0,B
396,0,OTA,3,1,A
397,1,OTA,4,0,A
398,0,OTA,2,0,A
399,0,Direct,2,0,A
400,1,OTA,3,0,A
401,0,Direct,2,0,B
402,0,OTA,2,0,A
403,1,OTA,3,0,B
404,1,Direct,3,0,A
405,0,OTA,2,0,A
406,0,OTA,1,0,A
407,0,Direct,1,0,B
408,1,OTA,2,1,A
409,0,Direct,3,0,A
410,0,OTA,2,0,B
411,0,Direct,4,0,A
412,1,Direct,4,0,A
413,0,Direct,3,0,B
414,1,Direct,1,1,B
415,1,Direct,2,0,A
416,0,Direct,4,0,A
417,0,OTA,1,0,A
418,0,Direct,3,1,A
419,0,OTA,1,0,B
420,0,Direct,3,1,A
421,0,Direct,4,0,A
422,1,Direct,2,1,A
423,1,Direct,2,0,A
424,0,Direct,2,0,A
425,1,OTA,2,1,B
426,1,OTA,2,0,B
427,0,OTA,4,0,B
428,1,Direct,3,0,B
429,0,OTA,2,0,B
430,1,Direct,1,0,B
431,0,Direct,2,1,A
432,0,OTA,2,0,B
433,1,OTA,1,1,B
434,0,OTA,3,0,A
435,1,OTA,3,0,A
436,1,OTA,3,1,A
437,0,OTA,3,1,B
438,0,Direct,2,0,B
439,1,OTA,3,0,A
440,1,OTA,1,0,A
441,0,Direct,2,1,A
442,0,OTA,2,1,B
443,0,Direct,4,0,B
444,1,Direct,3,1,B
445,0,OTA,3,0,A
446,0,Direct,3,0,B
447,1,OTA,2,1,A
448,0,Direct,3,0,A
449,0,Direct,4,0,B
450,1,Direct,3,1,B
451,0,OTA,3,0,B
452,0,Direct,3,0,A
453,1,OTA,1,0,B
454,1,Direct,6,1,A
455,0,OTA,3,0,B
456,1,Direct,3,0,A
457,0,OTA,3,0,A
458,1,OTA,2,0,B
459,0,OTA,2,0,B
460,0,OTA,2,1,A
461,1,OTA,2,0,A
462,0,Direct,3,0,B
463,0,OTA,1,0,A
464,0,OTA,2,0,A
465,0,Direct,2,0,A
466,0,OTA,3,0,A
467,0,Direct,3,0,B
468,0,OTA,1,0,B
469,0,OTA,4,0,A
470,0,OTA,2,0,A
471,0,Direct,2,0,A
472,0,OTA,2,0,B
473,1,Direct,3,1,B
474,0,OTA,4,0,A
475,1,Direct,3,0,A
476,0,OTA,1,1,B
477,0,Direct,2,0,A
478,1,Direct,1,0,A
479,0,Direct,3,0,A
480,1,Direct,3,0,A
481,1,Direct,3,0,A
482,1,Direct,3,0,B
483,0,OTA,3,0,A
484,1,Direct,4,0,A
485,0,Direct,2,0,B
486,1,OTA,4,0,B
487,0,Direct,3,1,B
488,1,OTA,4,1,A
489,1,Direct,1,1,B
490,0,OTA,2,1,B
491,0,Direct,1,0,A
492,1,OTA,4,1,B
493,0,Direct,3,0,A
494,0,Direct,2,0,B
495,0,Direct,3,0,B
496,1,OTA,3,1,B
497,0,Direct,2,0,A
498,1,Direct,4,0,A
499,0,Direct,1,1,B
500,0,OTA,1,1,A
501,1,Direct,5,0,A
502,0,OTA,2,1,B
503,0,Direct,2,0,A
504,0,OTA,4,0,B
505,1,OTA,2,0,B
506,0,OTA,3,0,B
507,0,Direct,3,0,B
508,1,Direct,1,0,A
509,1,Direct,2,0,A
510,0,Direct,4,1,A
511,0,Direct,3,1,B
512,1,OTA,3,0,A
513,0,Direct,3,0,B
514,0,OTA,3,0,B
515,1,Direct,4,0,B
516,1,Direct,2,0,B
517,0,Direct,4,1,A
518,1,OTA,2,0,B
519,1,OTA,1,0,A
520,0,OTA,3,0,A
521,0,Direct,1,1,A
522,1,Direct,4,0,A
523,0,Direct,2,0,B
524,0,OTA,3,0,B
525,0,OTA,2,1,A
526,1,OTA,2,0,A
527,1,OTA,3,0,A
528,0,OTA,3,1,A
529,1,OTA,3,0,B
530,1,Direct,2,0,B
531,0,OTA,3,1,A
532,1,Direct,4,0,A
533,1,OTA,1,1,A
534,1,Direct,1,0,B
535,0,OTA,3,0,A
536,1,OTA,3,0,B
537,1,OTA,1,0,B
538,1,Direct,2,0,B
539,0,Direct,2,0,B
540,1,OTA,1,1,B
541,1,Direct,1,0,B
542,0,OTA,2,0,B
543,1,Direct,1,0,A
544,1,Direct,2,1,B
545,0,OTA,6,0,A
546,1,OTA,4,0,B
547,1,Direct,2,1,B
548,1,OTA,1,1,A
549,0,OTA,1,0,B
550,1,Direct,2,0,B
551,0,Direct,2,0,B
552,1,Direct,1,1,B
553,1,OTA,1,1,A
554,1,Direct,1,0,B
555,1,OTA,2,0,B
556,1,Direct,3,0,B
557,0,Direct,4,0,B
558,1,OTA,1,0,A
559,0,OTA,3,0,B
560,1,OTA,3,0,B
561,1,Direct,3,1,B
562,1,OTA,3,0,B
563,1,Direct,2,0,A
564,0,OTA,4,1,B
565,1,Direct,1,0,B
566,0,OTA,1,1,B
567,0,Direct,3,0,B
568,0,Direct,2,0,B
569,0,Direct,2,0,A
570,1,Direct,2,1,B
571,0,OTA,2,0,A
572,0,OTA,1,1,B
573,0,OTA,3,0,B
574,1,Direct,4,1,B
575,0,OTA,2,0,B
576,1,OTA,2,1,B
577,0,OTA,3,1,B
578,0,Direct,4,0,B
579,1,OTA,3,0,B
580,1,OTA,2,0,A
581,1,Direct,3,0,B
582,1,OTA,3,1,B
583,0,OTA,2,0,A
584,1,OTA,3,0,A
585,0,OTA,3,1,A
586,1,Direct,1,0,A
587,0,OTA,3,0,A
588,0,OTA,2,0,A
589,1,Direct,4,0,B
590,0,OTA,2,0,B
591,1,OTA,3,1,A
592,0,Direct,2,0,B
593,1,OTA,2,0,B
594,0,Direct,1,0,B
595,1,Direct,2,0,B
596,0,OTA,1,0,A
597,0,Direct,1,0,A
598,1,OTA,1,0,A
599,1,Direct,3,1,A
600,0,Direct,2,0,A
601,0,OTA,1,0,A
602,0,Direct,3,0,B
603,0,Direct,1,0,B
604,0,Direct,3,0,B
605,1,Direct,2,0,A
606,0,OTA,3,0,A
607,0,OTA,3,1,B
608,0,Direct,4,0,A
609,1,OTA,3,0,A
610,1,OTA,2,1,A
611,0,Direct,1,0,A
612,1,Direct,2,0,A
613,1,Direct,3,0,B
614,1,OTA,3,1,A
615,0,Direct,1,0,A
616,0,Direct,3,0,B
617,0,Direct,2,0,B
618,0,OTA,4,1,B
619,0,Direct,3,0,B
620,0,Direct,3,0,A
621,0,Direct,4,0,B
622,0,Direct,5,0,A
623,1,OTA,4,0,A
624,0,OTA,2,0,A
625,0,OTA,3,1,A
626,0,OTA,3,1,A
627,1,OTA,2,1,B
628,1,Direct,4,1,B
629,0,OTA,1,0,A
630,0,OTA,2,0,B
631,0,OTA,1,0,B
632,0,OTA,2,0,B
633,1,OTA,2,0,B
634,0,OTA,2,0,B
635,1,Direct,3,0,B
636,0,Direct,2,0,B
637,0,OTA,3,0,B
638,0,OTA,1,0,B
639,1,OTA,3,0,A
640,0,Direct,3,0,B
641,0,Direct,3,1,A
642,0,Direct,3,0,A
643,1,OTA,3,0,B
644,1,OTA,1,0,B
645,0,OTA,1,1,A
646,1,OTA,2,1,B
647,0,Direct,2,0,B
648,1,OTA,1,0,A
649,1,Direct,1,0,A
650,1,OTA,1,0,A
651,0,OTA,2,0,A
652,0,Direct,3,0,A
653,0,OTA,1,0,A
654,1,OTA,1,0,A
655,1,OTA,2,1,B
656,1,Direct,1,0,A
657,1,OTA,3,0,B
658,1,OTA,1,1,B
659,0,Direct,1,0,A
660,1,OTA,1,0,B
661,0,Direct,2,0,B
662,1,OTA,4,1,A
663,0,Direct,3,0,B
664,0,Direct,2,0,B
665,0,Direct,3,0,A
666,0,Direct,1,0,A
667,1,Direct,3,0,B
668,1,OTA,3,0,B
669,1,Direct,1,0,A
670,0,Direct,1,0,B
671,1,Direct,2,0,A
672,1,OTA,2,1,B
673,0,OTA,4,1,B
674,0,OTA,4,1,A
675,1,OTA,2,0,B
676,1,Direct,2,0,A
677,0,OTA,3,1,A
678,1,Direct,3,0,B
679,0,OTA,4,0,A
680,1,OTA,3,0,A
681,0,OTA,1,0,A
682,1,Direct,1,1,A
683,0,OTA,3,0,A
684,0,OTA,2,0,B
685,1,Direct,2,0,A
686,1,Direct,2,0,B
687,0,Direct,2,0,A
688,1,OTA,3,0,B
689,0,OTA,2,1,A
690,1,OTA,3,1,B
691,1,OTA,2,0,A
692,0,Direct,3,0,B
693,0,Direct,4,0,A
694,1,Direct,2,0,B
695,0,OTA,2,0,B
696,1,Direct,4,0,A
697,0,Direct,2,1,A
698,1,OTA,3,0,A
699,0,Direct,2,0,B
700,1,OTA,1,0,A
701,0,Direct,3,0,B
702,0,Direct,3,1,B
703,1,Direct,2,1,A
704,0,Direct,3,0,A
705,1,Direct,3,0,B
706,0,OTA,3,0,B
707,0,Direct,4,0,A
708,1,OTA,4,1,B
709,1,OTA,3,0,A
710,0,Direct,1,0,B
711,1,Direct,3,0,B
712,1,Direct,4,0,A
713,1,Direct,1,0,A
714,0,Direct,2,0,B
715,0,OTA,2,0,B
716,0,Direct,2,0,B
717,1,OTA,2,0,A
718,0,OTA,2,0,A
719,1,OTA,2,0,A
720,1,OTA,4,0,B
721,0,OTA,2,0,A
722,0,OTA,3,0,A
723,0,OTA,3,0,B
724,0,OTA,1,1,B
725,0,Direct,2,0,B
726,1,Direct,3,0,A
727,0,OTA,1,0,A
728,1,OTA,4,0,A
729,1,Direct,2,0,A
730,1,Direct,3,0,A
731,1,OTA,2,1,B
732,1,OTA,3,0,B
733,1,Direct,1,0,A
734,0,Direct,2,1,B
735,0,OTA,2,0,A
736,0,Direct,5,0,A
737,0,OTA,4,0,A
738,0,Direct,3,0,B
739,0,OTA,3,0,A
740,1,Direct,2,0,B
741,0,Direct,3,1,A
742,0,Direct,4,1,B
743,0,Direct,3,1,A
744,1,Direct,3,0,A
745,0,Direct,3,0,A
746,0,OTA,1,0,B
747,1,Direct,1,0,A
748,1,Direct,3,1,A
749,1,Direct,3,0,B
750,1,Direct,1,0,B
751,0,Direct,2,1,A
752,1,OTA,1,1,A
753,1,Direct,4,0,A
754,1,Direct,5,1,A
755,0,OTA,2,0,A
756,1,Direct,1,0,A
757,1,OTA,3,0,B
758,1,Direct,1,0,B
759,1,OTA,3,0,B
760,1,Direct,1,1,A
761,1,Direct,3,0,B
762,0,OTA,2,0,B
763,1,OTA,3,0,B
764,0,Direct,3,0,B
765,1,Direct,2,0,A
766,1,Direct,5,1,B
767,0,Direct,2,0,B
768,1,Direct,2,1,B
769,0,OTA,3,1,A
770,1,OTA,2,1,B
771,0,Direct,3,0,A
772,0,Direct,3,0,B
773,1,OTA,2,0,A
774,0,OTA,2,0,B
775,1,Direct,1,0,B
776,1,Direct,1,1,B
777,1,OTA,3,1,A
778,1,Direct,2,0,A
779,1,OTA,2,0,A
780,1,OTA,2,0,A
781,0,Direct,3,0,B
782,1,Direct,2,0,B
783,0,Direct,3,0,B
784,0,OTA,2,0,B
785,0,OTA,3,0,A
786,1,Direct,4,0,A
787,0,Direct,1,0,B
788,0,Direct,4,0,B
789,1,OTA,1,1,A
790,1,OTA,1,0,A
791,1,Direct,4,0,B
792,1,Direct,1,1,B
793,1,Direct,4,0,A
794,1,OTA,3,0,B
795,0,Direct,2,0,B
796,0,OTA,2,0,B
797,1,Direct,4,0,B
798,1,OTA,1,1,B
799,0,OTA,5,0,B
800,0,Direct,2,0,A
801,0,Direct,4,0,A
802,1,Direct,4,0,A
803,1,OTA,2,0,B
804,1,OTA,4,0,A
805,1,Direct,3,1,B
806,0,OTA,3,1,A
807,1,Direct,3,0,B
808,1,Direct,1,0,A
809,0,Direct,2,0,B
810,1,Direct,1,0,B
811,0,OTA,2,0,B
812,0,OTA,2,0,B
813,1,OTA,1,0,B
814,1,OTA,3,0,A
815,0,OTA,2,0,A
816,1,Direct,2,0,A
817,1,Direct,1,1,A
818,1,OTA,1,0,A
819,1,Direct,4,0,B
820,0,Direct,4,1,A
821,0,OTA,4,0,B
822,1,OTA,4,0,A
823,1,OTA,4,1,A
824,1,Direct,4,0,A
825,1,OTA,1,1,A
826,1,OTA,1,1,B
827,1,Direct,3,1,B
828,0,OTA,3,0,A
829,1,OTA,3,1,B
830,0,Direct,3,0,A
831,0,OTA,3,0,B
832,0,Direct,1,0,A
833,1,Direct,2,0,A
834,1,OTA,2,1,B
835,0,OTA,4,0,B
836,1,Direct,2,1,B
837,1,OTA,3,0,B
838,1,OTA,2,0,A
839,1,Direct,3,0,B
840,1,OTA,5,0,B
841,0,Direct,3,0,A
842,1,Direct,1,1,A
843,1,Direct,1,0,A
844,0,Direct,1,0,B
845,0,Direct,3,1,B
846,0,Direct,2,0,B
847,1,OTA,2,1,A
848,0,OTA,2,0,A
849,0,OTA,3,0,B
850,0,Direct,2,0,B
851,1,OTA,3,1,B
852,1,OTA,3,0,A
853,1,OTA,3,0,A
854,1,Direct,3,0,A
855,1,OTA,2,0,B
856,0,OTA,3,0,B
857,1,OTA,2,0,B
858,0,OTA,2,0,B
859,0,OTA,1,0,A
860,0,Direct,2,0,B
861,0,Direct,3,0,A
862,0,OTA,1,0,A
863,1,OTA,3,1,A
864,0,Direct,3,1,A
865,0,Direct,4,0,B
866,1,Direct,2,0,B
867,0,Direct,3,0,B
868,0,Direct,1,0,B
869,0,Direct,3,0,B
870,0,Direct,3,0,A
871,0,OTA,5,0,A
872,1,Direct,2,1,A
873,0,Direct,2,1,A
874,1,Direct,3,0,B
875,0,Direct,3,0,A
876,1,OTA,2,0,B
877,0,OTA,2,0,B
878,1,Direct,2,1,B
879,1,Direct,3,0,B
880,1,Direct,2,0,A
881,0,OTA,2,1,B
882,0,Direct,3,0,B
883,0,Direct,2,0,B
884,0,Direct,1,0,B
885,0,OTA,4,1,B
886,0,OTA,1,0,B
887,0,OTA,2,0,B
888,0,OTA,3,1,A
889,1,Direct,2,0,A
890,0,Direct,1,0,A
891,1,Direct,2,0,A
892,1,OTA,3,1,A
893,0,Direct,3,0,B
894,1,OTA,2,0,B
895,0,OTA,5,0,A
896,0,OTA,3,0,A
897,1,OTA,2,1,B
898,0,OTA,2,0,B
899,1,Direct,3,1,A
900,0,Direct,3,0,B
901,0,Direct,1,0,B
902,0,OTA,4,0,B
903,1,OTA,3,1,B
904,1,OTA,3,0,A
905,1,OTA,3,1,B
906,0,OTA,2,0,B
907,0,Direct,1,0,B
908,1,Direct,4,0,B
909,0,Direct,4,0,B
910,1,OTA,2,0,A
911,1,Direct,2,0,B
912,0,OTA,1,1,B
913,1,Direct,4,1,B
914,1,Direct,2,1,A
915,1,Direct,3,0,A
916,1,Direct,2,0,B
917,1,Direct,3,0,B
918,1,Direct,3,0,B
919,1,OTA,4,0,B
920,0,OTA,1,0,B
921,0,Direct,1,0,B
922,1,OTA,3,0,A
923,1,Direct,2,0,A
924,0,OTA,2,1,A
925,0,OTA,2,1,A
926,0,OTA,3,0,B
927,1,OTA,2,0,B
928,0,OTA,1,0,B
929,1,OTA,2,0,B
930,1,Direct,1,0,B
931,1,OTA,1,0,B
932,1,OTA,3,0,B
933,1,OTA,3,0,B
934,0,OTA,2,0,B
935,0,OTA,2,0,A
936,0,Direct,2,1,B
937,1,Direct,3,0,A
938,1,OTA,2,1,B
939,0,OTA,1,0,A
940,1,Direct,4,0,A
941,1,OTA,4,1,A
942,0,Direct,4,0,A
943,1,OTA,3,1,B
944,0,OTA,2,0,A
945,1,OTA,3,0,B
946,0,Direct,2,0,A
947,0,OTA,1,1,A
948,1,OTA,1,0,A
949,1,Direct,1,0,A
950,0,Direct,2,1,B
951,0,OTA,2,1,A
952,0,Direct,4,0,A
953,1,OTA,2,0,A
954,0,OTA,1,0,B
955,1,OTA,2,0,A
956,1,OTA,2,1,A
957,0,Direct,3,0,A
958,0,Direct,3,0,A
959,0,OTA,3,0,B
960,1,OTA,3,0,B
961,1,Direct,3,0,A
962,0,OTA,1,0,A
963,0,Direct,3,0,A
964,0,Direct,3,1,A
965,0,OTA,3,0,B
966,0,OTA,2,1,A
967,1,OTA,4,0,A
968,0,OTA,3,0,B
969,0,Direct,2,0,B
970,1,OTA,2,1,B
971,1,OTA,3,0,A
972,1,OTA,2,0,A
973,0,OTA,3,0,A
974,0,Direct,2,0,A
975,1,OTA,2,0,A
976,0,Direct,1,0,A
977,1,Direct,4,0,B
978,0,OTA,2,0,B
979,1,OTA,3,1,A
980,0,OTA,1,0,A
981,0,OTA,3,0,A
982,0,Direct,2,0,A
983,0,OTA,2,0,B
984,1,OTA,6,0,A
985,0,Direct,1,0,A
986,0,Direct,5,0,A
987,1,OTA,3,1,B
988,1,Direct,1,1,A
989,0,OTA,3,1,B
990,0,OTA,3,1,A
991,0,OTA,3,1,A
992,1,Direct,2,0,A
993,1,OTA,1,1,A
994,1,Direct,2,0,B
995,1,Direct,2,0,A
996,1,Direct,4,0,B
997,1,Direct,2,1,B
998,0,Direct,3,0,B
999,1,Direct,4,0,A
1000,1,OTA,2,1,B
